side,count,share
BOTH,3328,0.3333333333333333
LEFT,3328,0.3333333333333333
RIGHT,3328,0.3333333333333333
