product_id,count,share
americano,1664,0.16666666666666666
cappuccino,1664,0.16666666666666666
choco,1664,0.16666666666666666
espresso,1664,0.16666666666666666
latte,1664,0.16666666666666666
lungo,1664,0.16666666666666666
